clip_id,source,jamendo_path,track_duration_s,axis,crop_start_s,crop_end_s,inst_1,inst_2,timbre_1,timbre_2,confidence
1009674,SDD,74/1009674.mp3,210.2,O,13.650056612258664,23.650056612258666,bass,vocals,,,5
101006,SDD,06/101006.mp3,168.4,O,83.04354065563639,93.04354065563639,acoustic guitar,harmonica,,,5
103089,SDD,89/103089.mp3,210.1,O,14.93874754581153,24.93874754581153,vocals,electric guitar,,,5
1033252,SDD,52/1033252.mp3,246.3,O,38.23796874036218,48.23796874036218,acoustic guitar,violin,,,5
1036934,SDD,34/1036934.mp3,182.0,O,24.50183852316652,34.50183852316652,electric piano,bass,,,5
103892,SDD,92/103892.mp3,156.7,O,0.8581217254018736,10.858121725401874,drums,electric guitar,,,5
1053845,SDD,45/1053845.mp3,449.1,O,84.40033457587539,94.40033457587539,synth,violin,,,5
1055022,SDD,22/1055022.mp3,87.1,O,0.0,10.0,piano,cello,,,5
1060600,SDD,00/1060600.mp3,185.6,O,11.454954446554929,21.45495444655493,saxophone,drums,,,5
1068667,SDD,67/1068667.mp3,283.8,O,29.54753032329843,39.54753032329843,piano,violin,,,5
1068668,SDD,68/1068668.mp3,201.1,O,26.59397982558901,36.59397982558901,piano,violin,,,5
1068671,SDD,71/1068671.mp3,291.1,O,65.24322323018244,75.24322323018244,piano,drums,,,5
1093792,SDD,92/1093792.mp3,197.0,O,22.520814586060204,32.520814586060204,piano,drums,,,5
1093793,SDD,93/1093793.mp3,182.0,O,26.1453902159686,36.145390215968604,piano,synth,,,5
1093794,SDD,94/1093794.mp3,140.0,O,9.32325752617801,19.32325752617801,electric piano,vocals,,,5
1093795,SDD,95/1093795.mp3,160.0,O,17.841950261780113,27.841950261780113,synth,vocals,,,5
1097943,SDD,43/1097943.mp3,162.7,O,120.12687909900603,130.12687909900603,synth,bass,,,5
1107251,SDD,51/1107251.mp3,228.6,O,5.669926324341463,15.669926324341464,electric guitar,bass,,,5
1119403,SDD,03/1119403.mp3,90.0,O,13.182775687172784,23.182775687172786,piano,strings,,,5
111962,SDD,62/111962.mp3,156.9,O,20.25449298167539,30.25449298167539,piano,vocals,,,5
1135054,SDD,54/1135054.mp3,348.0,O,66.5130890052356,76.5130890052356,synth,flute,,,5
1135703,SDD,03/1135703.mp3,185.8,O,70.36134017361853,80.36134017361853,acoustic guitar,vocals,,,5
1138689,SDD,89/1138689.mp3,264.8,O,189.51459316381707,199.51459316381707,electric guitar,drums,,,5
1138697,SDD,97/1138697.mp3,500.3,O,80.78441636780104,90.78441636780104,vocals,harmonica,,,5
1143013,SDD,13/1143013.mp3,97.9,O,14.484774105202897,24.484774105202895,acoustic guitar,synth,,,5
1151409,SDD,09/1151409.mp3,191.3,O,109.76939125331317,119.76939125331317,choral,flute,,,5
1157361,SDD,61/1157361.mp3,218.9,O,102.98057241753928,112.98057241753928,vocals,electric piano,,,5
1162103,SDD,03/1162103.mp3,131.5,O,57.5856389283019,67.5856389283019,strings,drums,,,5
1162697,SDD,97/1162697.mp3,145.9,O,93.11472824180403,103.11472824180403,ukulele,electric guitar,,,5
1163322,SDD,22/1163322.mp3,201.1,O,84.66152442142486,94.66152442142486,organ,saxophone,,,5
1170729,SDD,29/1170729.mp3,149.2,O,12.602326570680624,22.602326570680624,acoustic guitar,vocals,,,4
1170740,SDD,40/1170740.mp3,229.0,O,7.113639152486909,17.11363915248691,acoustic guitar,vocals,,,4
1173652,SDD,52/1173652.mp3,199.7,O,6.631940561947808,16.631940561947808,bells,choir,,,4
11751,SDD,51/11751.mp3,279.0,O,90.79961140236419,100.79961140236419,electric piano,electric guitar,,,4
1176716,SDD,16/1176716.mp3,289.5,O,151.4967277486911,161.4967277486911,acoustic guitar,electric guitar,,,4
1180601,SDD,01/1180601.mp3,271.1,O,14.15860776701571,24.15860776701571,synth,bass,,,4
1194311,SDD,11/1194311.mp3,218.9,O,19.175400550142136,29.175400550142136,piano,vocals,,,4
1194312,SDD,12/1194312.mp3,172.4,O,0.0,10.0,acoustic guitar,drums,,,4
1194314,SDD,14/1194314.mp3,233.1,O,139.38365606965806,149.38365606965806,piano,percussion,,,4
1194315,SDD,15/1194315.mp3,234.5,O,10.848029491164926,20.848029491164926,beat box,acoustic guitar,,,4
1210715,SDD,15/1210715.mp3,130.4,O,2.7625299345549785,12.762529934554978,drums,acoustic guitar,,,4
1210721,SDD,21/1210721.mp3,185.8,O,164.54377916941567,174.54377916941567,electric guitar,drums,,,4
1221997,SDD,97/1221997.mp3,165.1,O,51.618117353403136,61.618117353403136,strings,flute,,,4
12305,SDD,05/12305.mp3,251.8,O,139.6478183075917,149.6478183075917,electric guitar,trumpet,,,4
1239507,SDD,07/1239507.mp3,295.2,O,96.1484611925311,106.1484611925311,piano,bass,,,4
1241778,SDD,78/1241778.mp3,227.7,O,177.1324082018723,187.1324082018723,electric guitar,bass,,,4
1243198,SDD,98/1243198.mp3,248.5,O,28.70224087041886,38.70224087041886,drums,vocals,,,4
124358,SDD,58/124358.mp3,212.1,O,68.70017229086739,78.70017229086739,synth,drums,,,4
1245186,SDD,86/1245186.mp3,357.3,O,116.58495740837697,126.58495740837697,bass,choir,,,4
1245189,SDD,89/1245189.mp3,338.2,O,16.980188923838355,26.980188923838355,synth,percussion,,,4
1245191,SDD,91/1245191.mp3,378.3,O,184.25614146726724,194.25614146726724,piano,bass,,,4
1254630,SDD,30/1254630.mp3,237.0,O,39.8729363258242,49.8729363258242,drums,vocals,,,4
1254633,SDD,33/1254633.mp3,255.7,O,111.98948689711834,121.98948689711834,acoustic guitar,vocals,,,4
1267288,SDD,88/1267288.mp3,262.2,O,75.88427620109528,85.88427620109528,acoustic guitar,electric piano,,,4
1269561,SDD,61/1269561.mp3,116.4,O,44.02328847942573,54.02328847942573,violin,bass,,,4
1293996,SDD,96/1293996.mp3,162.4,O,116.28022169502616,126.28022169502616,acoustic guitar,harmonica,,,4
1294741,SDD,41/1294741.mp3,228.9,O,11.783268095473042,21.78326809547304,synth,bass,,,4
1294750,SDD,50/1294750.mp3,124.1,O,2.6697510688502124,12.669751068850212,drums,electric guitar,,,4
1296198,SDD,98/1296198.mp3,247.7,O,2.86596410105121,12.86596410105121,piano,drums,,,4
1296596,SDD,96/1296596.mp3,234.0,O,16.54627167866492,26.54627167866492,piano,strings,,,4
1304475,SDD,75/1304475.mp3,234.1,O,11.539688554973825,21.539688554973825,synth,drums,,,4
1307838,SDD,38/1307838.mp3,224.1,O,12.174040105540328,22.17404010554033,acoustic guitar,drums,,,4
1315725,SDD,25/1315725.mp3,275.0,O,186.42410032416254,196.42410032416254,electric guitar,flute,,,4
1318704,SDD,04/1318704.mp3,224.0,O,51.49360776078308,61.49360776078308,acoustic guitar,saxophone,,,4
132868,SDD,68/132868.mp3,148.4,O,45.8682372329843,55.8682372329843,piano,drums,,,4
1347915,SDD,15/1347915.mp3,62.4,O,0.0,10.0,organ,flute,,,4
1356313,SDD,13/1356313.mp3,213.1,O,0.0,10.0,electric guitar,drums,,,4
1356349,SDD,49/1356349.mp3,235.3,O,30.903865806768415,40.903865806768415,electric guitar,acoustic guitar,,,4
135658,SDD,58/135658.mp3,282.0,O,195.7770676537958,205.7770676537958,bass,piano,,,4
135660,SDD,60/135660.mp3,208.0,O,88.26627945026178,98.26627945026178,drums,vocals,,,4
1357118,SDD,18/1357118.mp3,168.9,O,145.1287739658817,155.1287739658817,electric guitar,bass,,,4
1357132,SDD,32/1357132.mp3,186.3,O,0.0,10.0,drums,electric guitar,,,4
1386744,SDD,44/1386744.mp3,280.6,O,17.489337912303665,27.489337912303665,electric piano,electric guitar,,,4
145945,SDD,45/145945.mp3,193.8,O,27.96157661158377,37.961576611583766,drums,vocals,,,4
145968,SDD,68/145968.mp3,197.6,O,96.20573615393391,106.20573615393391,synth,acoustic guitar,,,4
171573,SDD,73/171573.mp3,246.2,O,117.33244966773354,127.33244966773354,synth,bass,,,4
172018,SDD,18/172018.mp3,276.2,O,0.9038923130317407,10.90389231303174,percussion,bass,,,4
181440,SDD,40/181440.mp3,230.5,O,164.1709014151566,174.1709014151566,drums,electric guitar,,,4
201905,SDD,05/201905.mp3,223.4,O,56.91917120513437,66.91917120513438,acoustic guitar,harmonica,,,4
206578,SDD,78/206578.mp3,236.0,O,85.70937185589824,95.70937185589824,electric guitar,vocals,,,4
206596,SDD,96/206596.mp3,151.0,O,86.71490381151831,96.71490381151831,electric guitar,drums,,,4
242349,SDD,49/242349.mp3,226.3,O,192.31507080546467,202.31507080546467,strings,piano,,,4
242384,SDD,84/242384.mp3,272.2,O,12.56036788735273,22.56036788735273,strings,vocals,,,4
242410,SDD,10/242410.mp3,296.2,O,13.877958933246074,23.877958933246074,acoustic guitar,drums,,,4
242640,SDD,40/242640.mp3,128.5,O,2.409884168234621,12.40988416823462,flute,vocals,,,4
243172,SDD,72/243172.mp3,218.4,O,10.907877945026181,20.90787794502618,cello,piano,,,4
243734,SDD,34/243734.mp3,205.5,O,5.095892302028798,15.095892302028798,acoustic guitar,vocals,,,4
25555,SDD,55/25555.mp3,363.0,O,12.592105709874016,22.592105709874016,bass,electric guitar,,,4
259288,SDD,88/259288.mp3,214.3,O,0.0,10.0,drums,bass,,,4
260839,SDD,39/260839.mp3,186.5,O,174.11185986583766,184.11185986583766,vocals,piano,,,4
261271,SDD,71/261271.mp3,198.8,O,4.908965346735929,14.908965346735929,electric guitar,bass,,,4
296236,SDD,36/296236.mp3,223.9,O,46.865028371727746,56.865028371727746,harmonica,bass,,,4
296237,SDD,37/296237.mp3,250.6,O,0.8979713371645947,10.897971337164595,strings,drums,,,4
296238,SDD,38/296238.mp3,289.1,O,119.28173951963349,129.2817395196335,piano,bass,,,4
307395,SDD,95/307395.mp3,267.4,O,156.1986805622138,166.1986805622138,acoustic bass,violin,,,4
309861,SDD,61/309861.mp3,133.1,O,33.592839198318764,43.592839198318764,acoustic guitar,vocals,,,4
313059,SDD,59/313059.mp3,320.0,O,23.821989528795807,33.82198952879581,synth,acoustic guitar,,,4
323090,SDD,90/323090.mp3,214.4,O,21.263977653315198,31.263977653315198,piano,electric guitar,,,4
33836,SDD,36/33836.mp3,337.4,O,126.3207542506442,136.3207542506442,flute,vocals,,,4
348881,SDD,81/348881.mp3,313.3,O,11.001904257117104,21.001904257117104,percussion,bass,,,4
35349,SDD,49/35349.mp3,184.3,O,7.907225130890051,17.90722513089005,piano,drums,,,4
35350,SDD,50/35350.mp3,200.1,O,19.15010400238763,29.15010400238763,piano,electric guitar,,,4
357192,SDD,92/357192.mp3,197.9,O,142.61798278507456,152.61798278507456,trumpet,vocals,,,4
357273,SDD,73/357273.mp3,224.8,O,204.8454442081153,214.8454442081153,vocals,harmonica,,,4
357314,SDD,14/357314.mp3,199.3,O,128.20425472648574,138.20425472648574,acoustic guitar,trumpet,,,4
357330,SDD,30/357330.mp3,195.2,O,3.810255796026257,13.810255796026258,vocals,drums,,,4
357365,SDD,65/357365.mp3,218.8,O,19.34558003761556,29.34558003761556,trumpet,vocals,,,4
357387,SDD,87/357387.mp3,197.3,O,117.15011452879583,127.15011452879583,vocals,trumpet,,,4
360978,SDD,78/360978.mp3,192.9,O,25.58806152924575,35.58806152924575,acoustic bass,vocals,,,4
366014,SDD,14/366014.mp3,205.3,O,43.4280642409246,53.4280642409246,electric guitar,drums,,,4
371237,SDD,37/371237.mp3,264.4,O,22.245792224803697,32.245792224803694,synth,electric guitar,,,4
376419,SDD,19/376419.mp3,234.7,O,16.827594240428667,26.827594240428667,synth,acoustic guitar,,,4
387501,SDD,01/387501.mp3,218.0,O,77.46345596215441,87.46345596215441,electric guitar,drums,,,4
387516,SDD,16/387516.mp3,190.7,O,146.92539267015718,156.92539267015718,synth,drums,,,4
39102,SDD,02/39102.mp3,174.8,O,9.254403541966624,19.254403541966624,electric guitar,vocals,,,4
415590,SDD,90/415590.mp3,120.2,O,78.48740286666592,88.48740286666592,bass,drums,,,4
415596,SDD,96/415596.mp3,330.4,O,105.39971481539898,115.39971481539898,electric guitar,drums,,,4
415600,SDD,00/415600.mp3,291.9,O,10.809060778304971,20.80906077830497,electric guitar,percussion,,,4
415605,SDD,05/415605.mp3,167.1,O,120.35727157531805,130.35727157531807,synth,drums,,,4
416358,SDD,58/416358.mp3,338.8,O,116.4001808789062,126.4001808789062,synth,strings,,,4
437792,SDD,92/437792.mp3,264.9,O,146.36040391860269,156.36040391860269,drums,vocals,,,4
437795,SDD,95/437795.mp3,278.2,O,77.49642388203537,87.49642388203537,acoustic guitar,vocals,,,4
43886,SDD,86/43886.mp3,129.5,O,83.04399601013358,93.04399601013358,bass,vocals,,,4
450989,SDD,89/450989.mp3,163.8,O,32.49082652261946,42.49082652261946,vocals,electric guitar,,,4
457078,SDD,78/457078.mp3,190.2,O,108.22668871496653,118.22668871496653,bass,electric guitar,,,4
457119,SDD,19/457119.mp3,204.0,O,156.57787958115182,166.57787958115182,drums,trumpet,,,4
458252,SDD,52/458252.mp3,232.5,O,49.94278872227282,59.94278872227282,piano,violin,,,4
461012,SDD,12/461012.mp3,281.5,O,160.40477517768855,170.40477517768855,electric guitar,piano,,,4
461018,SDD,18/461018.mp3,220.0,O,172.73870009489528,182.73870009489528,drums,synth,,,4
4883,SDD,83/4883.mp3,249.5,O,155.56410362943816,165.56410362943816,percussion,electric guitar,,,4
500970,SDD,70/500970.mp3,249.6,O,25.540049379233473,35.54004937923347,synth,drums,,,4
5084,SDD,84/5084.mp3,205.7,O,15.272568385941591,25.27256838594159,bass,organ,,,4
5339,SDD,39/5339.mp3,220.9,O,185.25080468250985,195.25080468250985,electric guitar,synth,,,4
5340,SDD,40/5340.mp3,231.7,O,52.513399471296275,62.513399471296275,piano,strings,,,4
537118,SDD,18/537118.mp3,282.4,O,163.15003681282658,173.15003681282658,electric guitar,saxophone,,,4
579644,SDD,44/579644.mp3,175.3,O,111.66394232068063,121.66394232068063,acoustic guitar,piano,,,4
599226,SDD,26/599226.mp3,166.2,O,6.857112949607329,16.857112949607327,acoustic guitar,bass,,,4
101006,SDD,06/101006.mp3,168.4,R,93.14011115136715,103.14011115136715,harmonica,acoustic guitar,,,5
103089,SDD,89/103089.mp3,210.1,R,168.70654041230375,178.70654041230375,synth,electric guitar,,,5
1033252,SDD,52/1033252.mp3,246.3,R,50.755514909685864,60.755514909685864,violin,acoustic guitar,,,5
1036934,SDD,34/1036934.mp3,182.0,R,54.14786071245602,64.14786071245602,synth,bass,,,5
103892,SDD,92/103892.mp3,156.7,R,110.07003708246074,120.07003708246074,electric guitar,bass,,,5
1053845,SDD,45/1053845.mp3,449.1,R,137.24700862041885,147.24700862041885,violin,synth,,,5
1055022,SDD,22/1055022.mp3,87.1,R,1.4175386534685863,11.417538653468586,cello,piano,,,5
1060600,SDD,00/1060600.mp3,185.6,R,49.90993158642833,59.90993158642833,electric guitar,bass,,,5
1068667,SDD,67/1068667.mp3,283.8,R,85.6408322460733,95.6408322460733,piano,synth,,,5
1068668,SDD,68/1068668.mp3,201.1,R,148.6773282094241,158.6773282094241,violin,piano,,,5
1068671,SDD,71/1068671.mp3,291.1,R,20.751085861696257,30.751085861696257,violin,piano,,,5
1093795,SDD,95/1093795.mp3,160.0,R,10.469568062827227,20.46956806282723,synth,acoustic guitar,,,5
1097943,SDD,43/1097943.mp3,162.7,R,125.29883447004867,135.2988344700487,synth,bass,,,5
1107251,SDD,51/1107251.mp3,228.6,R,186.52693052187308,196.52693052187308,electric guitar,synth,,,5
1119403,SDD,03/1119403.mp3,90.0,R,69.63616655759155,79.63616655759155,strings,piano,,,5
111962,SDD,62/111962.mp3,156.9,R,129.9103869552725,139.9103869552725,piano,bass,,,5
1125375,SDD,75/1125375.mp3,114.6,R,77.44240837696334,87.44240837696334,violin,acoustic guitar,,,5
1134446,SDD,46/1134446.mp3,251.7,R,62.8775466198462,72.8775466198462,synth,bass,,,5
1135054,SDD,54/1135054.mp3,348.0,R,146.22513089005236,156.22513089005236,flute,strings,,,5
1135703,SDD,03/1135703.mp3,185.8,R,174.3689760158193,184.3689760158193,synth,guitar,,,5
1138689,SDD,89/1138689.mp3,264.8,R,48.23178316355118,58.23178316355118,electric guitar,ukulele,,,5
1138697,SDD,97/1138697.mp3,500.3,R,376.8373444796866,386.8373444796866,harmonica,acoustic guitar,,,5
1143013,SDD,13/1143013.mp3,97.9,R,26.2002521784195,36.200252178419504,synth,ukulele,,,5
1151409,SDD,09/1151409.mp3,191.3,R,29.79080996335079,39.79080996335079,flute,harp,,,5
1162103,SDD,03/1162103.mp3,131.5,R,52.05663470518037,62.05663470518037,strings,bass,,,5
1162697,SDD,97/1162697.mp3,145.9,R,97.85580257718932,107.85580257718932,electric guitar,ukulele,,,5
1163322,SDD,22/1163322.mp3,201.1,R,137.9123192539267,147.9123192539267,saxophone,organ,,,5
1170729,SDD,29/1170729.mp3,149.2,R,6.284793848167536,16.284793848167535,piano,acoustic guitar,,,4
1173652,SDD,52/1173652.mp3,199.7,R,69.54199888022538,79.54199888022538,flute,strings,,,4
11751,SDD,51/11751.mp3,279.0,R,179.78614662303667,189.78614662303667,electric guitar,electric piano,,,4
1176716,SDD,16/1176716.mp3,289.5,R,161.7277486910995,171.7277486910995,electric guitar,acoustic guitar,,,4
1180601,SDD,01/1180601.mp3,271.1,R,157.1385879541885,167.1385879541885,synth,percussion,,,4
1194311,SDD,11/1194311.mp3,218.9,R,195.99361109027328,205.99361109027328,acoustic guitar,piano,,,4
1194312,SDD,12/1194312.mp3,172.4,R,64.87007173213044,74.87007173213044,synth,acoustic guitar,,,4
1194314,SDD,14/1194314.mp3,233.1,R,76.08546465187341,86.08546465187341,bass,piano,,,4
1194315,SDD,15/1194315.mp3,234.5,R,189.54301476603396,199.54301476603396,choir,bass,,,4
1210715,SDD,15/1210715.mp3,130.4,R,103.36796963350785,113.36796963350785,synth,acoustic guitar,,,4
1210721,SDD,21/1210721.mp3,185.8,R,64.92770138782828,74.92770138782828,synth,acoustic guitar,,,4
1221997,SDD,97/1221997.mp3,165.1,R,84.88227426579887,94.88227426579887,flute,harp,,,4
12305,SDD,05/12305.mp3,251.8,R,70.65102520523662,80.65102520523662,trumpet,electric guitar,,,4
1239507,SDD,07/1239507.mp3,295.2,R,178.8264388123773,188.8264388123773,piano,bass,,,4
1241778,SDD,78/1241778.mp3,227.7,R,46.260501492146595,56.260501492146595,electric guitar,bass,,,4
1245191,SDD,91/1245191.mp3,378.3,R,148.9779163376963,158.9779163376963,piano,percussion,,,4
1267288,SDD,88/1267288.mp3,262.2,R,100.68503454973822,110.68503454973822,electric guitar,acoustic guitar,,,4
1269561,SDD,61/1269561.mp3,116.4,R,70.52146314136127,80.52146314136127,violin,bass,,,4
1293996,SDD,96/1293996.mp3,162.4,R,145.4645251145289,155.4645251145289,harmonica,acoustic guitar,,,4
1294741,SDD,41/1294741.mp3,228.9,R,98.95915440162797,108.95915440162797,synth,piano,,,4
1294750,SDD,50/1294750.mp3,124.1,R,76.33679022253865,86.33679022253865,trumpet,piano,,,4
1296198,SDD,98/1296198.mp3,247.7,R,167.42578188481676,177.42578188481676,electric guitar,acoustic guitar,,,4
1296596,SDD,96/1296596.mp3,234.0,R,54.418848167539274,64.41884816753927,electric guitar,piano,,,4
1304475,SDD,75/1304475.mp3,234.1,R,161.00946660732984,171.00946660732984,synth,bass,,,4
1307838,SDD,38/1307838.mp3,224.1,R,166.54567106020943,176.54567106020943,electric guitar,acoustic guitar,,,4
1315725,SDD,25/1315725.mp3,275.0,R,165.97840179973824,175.97840179973824,electric guitar,synth,,,4
1318704,SDD,04/1318704.mp3,224.0,R,57.34717333877004,67.34717333877003,saxophone,acoustic guitar,,,4
132868,SDD,68/132868.mp3,148.4,R,68.77835934554975,78.77835934554975,piano,synth,,,4
1347915,SDD,15/1347915.mp3,62.4,R,31.137546042437005,41.13754604243701,flute,organ,,,4
1356313,SDD,13/1356313.mp3,213.1,R,148.37609051047122,158.37609051047122,piano,electric guitar,,,4
1356349,SDD,49/1356349.mp3,235.3,R,155.94139666131176,165.94139666131176,electric guitar,drums,,,4
135658,SDD,58/135658.mp3,282.0,R,112.37984702225133,122.37984702225133,electric guitar,bass,,,4
135660,SDD,60/135660.mp3,208.0,R,6.404777486910995,16.404777486910994,synth,drums,,,4
1357118,SDD,18/1357118.mp3,168.9,R,11.681838423684964,21.681838423684965,electric guitar,bass,,,4
1357132,SDD,32/1357132.mp3,186.3,R,3.5304350589005242,13.530435058900524,electric guitar,acoustic guitar,,,4
1386744,SDD,44/1386744.mp3,280.6,R,160.18906348046875,170.18906348046875,saxophone,electric piano,,,4
1402647,SDD,47/1402647.mp3,144.7,R,57.48509399576651,67.4850939957665,strings,piano,,,4
1408401,SDD,01/1408401.mp3,198.9,R,85.94867816835733,95.94867816835733,saxophone,piano,,,4
145945,SDD,45/145945.mp3,193.8,R,91.8910820926047,101.8910820926047,electric guitar,bass,,,4
145968,SDD,68/145968.mp3,197.6,R,108.31523725151852,118.31523725151852,acoustic guitar,synth,,,4
181440,SDD,40/181440.mp3,230.5,R,196.2181207356021,206.2181207356021,electric guitar,drums,,,4
201905,SDD,05/201905.mp3,223.4,R,104.05723176308899,114.05723176308899,acoustic guitar,piano,,,4
206578,SDD,78/206578.mp3,236.0,R,78.49769209003804,88.49769209003804,electric guitar,bass,,,4
206596,SDD,96/206596.mp3,151.0,R,91.57845596592257,101.57845596592257,flute,acoustic guitar,,,4
242384,SDD,84/242384.mp3,272.2,R,257.03074465952227,267.03074465952227,strings,piano,,,4
243172,SDD,72/243172.mp3,218.4,R,118.38822807591622,128.38822807591623,flute,piano,,,4
25555,SDD,55/25555.mp3,363.0,R,280.9812045193011,290.9812045193011,bass,drums,,,4
259288,SDD,88/259288.mp3,214.3,R,82.76991958115183,92.76991958115183,electric guitar,bass,,,4
260839,SDD,39/260839.mp3,186.5,R,100.56324903877615,110.56324903877615,piano,harmonica,,,4
261271,SDD,71/261271.mp3,198.8,R,91.54128543109863,101.54128543109863,electric guitar,piano,,,4
285485,SDD,85/285485.mp3,375.7,R,215.93702654613872,225.93702654613872,violin,cello,,,4
296236,SDD,36/296236.mp3,223.9,R,157.92065409424083,167.92065409424083,harmonica,percussion,,,4
296237,SDD,37/296237.mp3,250.6,R,105.02903000629908,115.02903000629908,piano,strings,,,4
307395,SDD,95/307395.mp3,267.4,R,14.074242992146598,24.074242992146598,violin,acoustic guitar,,,4
313059,SDD,59/313059.mp3,320.0,R,297.19895287958116,307.19895287958116,acoustic guitar,synth,,,4
323090,SDD,90/323090.mp3,214.4,R,110.4641708501309,120.4641708501309,acoustic guitar,piano,,,4
33836,SDD,36/33836.mp3,337.4,R,79.85781501195387,89.85781501195387,flute,bass,,,4
348881,SDD,81/348881.mp3,313.3,R,123.86561547812695,133.86561547812695,synth,harp,,,4
35349,SDD,49/35349.mp3,184.3,R,91.86450261780104,101.86450261780104,electric guitar,bass,,,4
35350,SDD,50/35350.mp3,200.1,R,115.29020628407768,125.29020628407768,electric guitar,piano,,,4
357192,SDD,92/357192.mp3,197.9,R,120.71254372390379,130.7125437239038,harmonica,bass,,,4
357273,SDD,73/357273.mp3,224.8,R,13.213460405759163,23.213460405759164,harmonica,bass,,,4
357314,SDD,14/357314.mp3,199.3,R,110.95011324410994,120.95011324410994,trumpet,acoustic guitar,,,4
357330,SDD,30/357330.mp3,195.2,R,73.03312404253927,83.03312404253927,harmonica,acoustic guitar,,,4
357365,SDD,65/357365.mp3,218.8,R,96.97877997657275,106.97877997657275,trumpet,bass,,,4
357387,SDD,87/357387.mp3,197.3,R,97.909706315445,107.909706315445,trumpet,acoustic guitar,,,4
366014,SDD,14/366014.mp3,205.3,R,29.951507100468334,39.95150710046833,electric guitar,piano,,,4
371237,SDD,37/371237.mp3,264.4,R,27.900655792866516,37.900655792866516,strings,guitar,,,4
376419,SDD,19/376419.mp3,234.7,R,87.42411963171834,97.42411963171834,acoustic guitar,synth,,,4
387501,SDD,01/387501.mp3,218.0,R,45.08135052945026,55.08135052945026,electric guitar,acoustic guitar,,,4
387516,SDD,16/387516.mp3,190.7,R,13.098429319371728,23.09842931937173,electric guitar,bass,,,4
39102,SDD,02/39102.mp3,174.8,R,4.721551465968588,14.721551465968588,electric guitar,drums,,,4
402056,SDD,56/402056.mp3,109.2,R,50.07492801072684,60.07492801072684,flute,harp,,,4
40279,SDD,79/40279.mp3,322.9,R,286.38294096400523,296.38294096400523,synth,bass,,,4
415596,SDD,96/415596.mp3,330.4,R,196.33551039062488,206.33551039062488,electric guitar,bass,,,4
415605,SDD,05/415605.mp3,167.1,R,41.96488267008551,51.96488267008551,synth,bass,,,4
416358,SDD,58/416358.mp3,338.8,R,131.98544455251948,141.98544455251948,strings,synth,,,4
428529,SDD,29/428529.mp3,141.6,R,61.59899539839659,71.5989953983966,piano,bass,,,4
437792,SDD,92/437792.mp3,264.9,R,3.4940808612565437,13.494080861256544,electric guitar,bass,,,4
437795,SDD,95/437795.mp3,278.2,R,153.56425946073298,163.56425946073298,violin,acoustic guitar,,,4
43886,SDD,86/43886.mp3,129.5,R,61.14978290662324,71.14978290662324,electric guitar,bass,,,4
450989,SDD,89/450989.mp3,163.8,R,128.22033418324608,138.22033418324608,electric guitar,bass,,,4
457078,SDD,78/457078.mp3,190.2,R,85.82856572015089,95.82856572015089,piano,bass,,,4
457119,SDD,19/457119.mp3,204.0,R,89.39005235602095,99.39005235602095,guitar,trumpet,,,4
458252,SDD,52/458252.mp3,232.5,R,65.74821592604712,75.74821592604712,violin,acoustic guitar,,,4
461012,SDD,12/461012.mp3,281.5,R,114.17559322709423,124.17559322709423,electric guitar,synth,,,4
461018,SDD,18/461018.mp3,220.0,R,123.23091642473821,133.2309164247382,electric guitar,piano,,,4
48721,SDD,21/48721.mp3,171.0,R,84.1957594829843,94.1957594829843,electric guitar,bass,,,4
4883,SDD,83/4883.mp3,249.5,R,115.10479682131455,125.10479682131455,flute,percussion,,,4
500970,SDD,70/500970.mp3,249.6,R,88.26889223756545,98.26889223756545,synth,bass,,,4
5084,SDD,84/5084.mp3,205.7,R,97.14296047251308,107.14296047251308,organ,bass,,,4
5339,SDD,39/5339.mp3,220.9,R,201.5575002735602,211.5575002735602,synth,electric guitar,,,4
5340,SDD,40/5340.mp3,231.7,R,203.78721361262168,213.78721361262168,strings,piano,,,4
537118,SDD,18/537118.mp3,282.4,R,12.987868128272247,22.987868128272247,saxophone,electric guitar,,,4
579644,SDD,44/579644.mp3,175.3,R,116.93450405854261,126.93450405854261,piano,acoustic guitar,,,4
599226,SDD,26/599226.mp3,166.2,R,49.30374163231143,59.30374163231143,violin,acoustic guitar,,,4
1009674,SDD,74/1009674.mp3,210.2,T,34.06239098691099,44.06239098691099,synth,bass,ambient,punchy,5
101006,SDD,06/101006.mp3,168.4,T,86.22287160877161,96.22287160877161,harmonica,acoustic guitar,bright,soft,5
103089,SDD,89/103089.mp3,210.1,T,160.50556282722516,170.50556282722516,electric guitar,synth,distorted,dark,5
103892,SDD,92/103892.mp3,156.7,T,17.152520507853406,27.152520507853406,electric guitar,bass,mellow,warm,5
1053845,SDD,45/1053845.mp3,449.1,T,100.11243878541703,110.11243878541703,violin,synth,mellow,punchy,4
1055022,SDD,22/1055022.mp3,87.1,T,9.458894265379582,19.458894265379584,cello,piano,warm,soft,5
1060600,SDD,00/1060600.mp3,185.6,T,49.15857246727748,59.15857246727748,electric guitar,bass,clean,dark,5
1061369,SDD,69/1061369.mp3,161.5,T,55.091333532640675,65.09133353264068,electric guitar,bass,distorted,punchy,5
1066204,SDD,04/1066204.mp3,280.6,T,130.15341836649213,140.15341836649213,piano,strings,clean,ambient,5
1068667,SDD,67/1068667.mp3,283.8,T,117.58801082460732,127.58801082460732,violin,percussion,bright,distorted,5
1068668,SDD,68/1068668.mp3,201.1,T,144.20384434031413,154.20384434031413,piano,strings,bright,distorted,5
1068671,SDD,71/1068671.mp3,291.1,T,0.0,10.0,piano,violin,soft,bright,5
1093792,SDD,92/1093792.mp3,197.0,T,28.362805750981646,38.36280575098165,piano,synth,bright,smooth,5
1093793,SDD,93/1093793.mp3,182.0,T,27.831540412303692,37.831540412303696,piano,synth,bright,punchy,5
1093795,SDD,95/1093795.mp3,160.0,T,10.413121727748692,20.413121727748692,acoustic guitar,synth,soft,bouncy,5
1097943,SDD,43/1097943.mp3,162.7,T,125.6049756276075,135.6049756276075,synth,bass,gritty,dark,5
1107251,SDD,51/1107251.mp3,228.6,T,10.142413514183172,20.142413514183172,electric guitar,bass,crisp,dark,5
111962,SDD,62/111962.mp3,156.9,T,20.473448665872457,30.473448665872457,bass,piano,dark,mellow,5
1125375,SDD,75/1125375.mp3,114.6,T,77.67779082133507,87.67779082133507,violin,acoustic guitar,bright,mellow,5
1134446,SDD,46/1134446.mp3,251.7,T,18.38759264790576,28.38759264790576,piano,bass,bright,punchy,5
1135703,SDD,03/1135703.mp3,185.8,T,56.28232610994765,66.28232610994765,synth,electric guitar,gritty,clean,5
1138689,SDD,89/1138689.mp3,264.8,T,145.02890160471202,155.02890160471202,electric guitar,ukulele,mellow,bouncy,5
1143013,SDD,13/1143013.mp3,97.9,T,10.624639643979057,20.62463964397906,acoustic guitar,ukulele,bright,mellow,5
1151409,SDD,09/1151409.mp3,191.3,T,58.22064281278632,68.22064281278632,electric piano,choral,bright,soft,5
1157361,SDD,61/1157361.mp3,218.9,T,97.41103402340683,107.41103402340683,synth,percussion,bright,punchy,5
1162103,SDD,03/1162103.mp3,131.5,T,51.621708780273394,61.621708780273394,strings,bass,bright,dark,5
1162697,SDD,97/1162697.mp3,145.9,T,34.52784946204189,44.52784946204189,glockenspiel,ukulele,bright,mellow,5
1163322,SDD,22/1163322.mp3,201.1,T,114.48221626850871,124.48221626850871,organ,saxophone,dark,warm,5
1170740,SDD,40/1170740.mp3,229.0,T,203.9175392670157,213.9175392670157,acoustic guitar,piano,bright,soft,4
1173652,SDD,52/1173652.mp3,199.7,T,9.108167992913538,19.108167992913536,bells,strings,bright,wide,4
11751,SDD,51/11751.mp3,279.0,T,137.78929511780106,147.78929511780106,electric guitar,electric piano,distorted,mellow,4
1176716,SDD,16/1176716.mp3,289.5,T,34.40837696335079,44.40837696335079,bass,synth,gritty,ambient,4
1180601,SDD,01/1180601.mp3,271.1,T,162.80966889911244,172.80966889911244,bass,synth,bouncy,bright,4
1194311,SDD,11/1194311.mp3,218.9,T,99.83354144240836,109.83354144240836,acoustic guitar,percussion,warm,ambient,4
1194312,SDD,12/1194312.mp3,172.4,T,147.72385667670156,157.72385667670156,bass,synth,snappy,bright,4
1194314,SDD,14/1194314.mp3,233.1,T,86.82742371204189,96.82742371204189,acoustic guitar,piano,bright,mellow,4
1194315,SDD,15/1194315.mp3,234.5,T,135.38538939790584,145.38538939790584,bass,acoustic guitar,dark,crisp,4
1210715,SDD,15/1210715.mp3,130.4,T,100.35411880481018,110.35411880481018,acoustic guitar,synth,soft,wobbly,4
1210721,SDD,21/1210721.mp3,185.8,T,32.48640800084874,42.48640800084874,synth,electric guitar,gritty,clean,4
1221997,SDD,97/1221997.mp3,165.1,T,116.83548270118723,126.83548270118723,strings,bass,bright,warm,4
12305,SDD,05/12305.mp3,251.8,T,33.55078528926702,43.55078528926702,electric guitar,trumpet,warm,bright,4
1239507,SDD,07/1239507.mp3,295.2,T,128.64160066273325,138.64160066273325,trumpet,bass,bright,dark,4
1241778,SDD,78/1241778.mp3,227.7,T,54.60523429319372,64.60523429319372,electric guitar,bass,crunch,bouncy,4
1243198,SDD,98/1243198.mp3,248.5,T,32.72699581151832,42.72699581151832,electric guitar,bass,bright,warm,4
124358,SDD,58/124358.mp3,212.1,T,96.01158797382199,106.01158797382199,acoustic guitar,synth,bright,gritty,4
1245186,SDD,86/1245186.mp3,357.3,T,219.06997018541398,229.06997018541398,organ,bass,ambient,gritty,4
1245191,SDD,91/1245191.mp3,378.3,T,22.799419330763254,32.79941933076326,bass,piano,gritty,bright,4
1254630,SDD,30/1254630.mp3,237.0,T,41.32892956279653,51.32892956279653,electric guitar,drums,clean,punchy,4
1254633,SDD,33/1254633.mp3,255.7,T,15.747702560209422,25.747702560209422,strings,acoustic guitar,smooth,warm,4
1269561,SDD,61/1269561.mp3,116.4,T,56.801913066687455,66.80191306668746,bass,violin,dark,bright,4
1293996,SDD,96/1293996.mp3,162.4,T,131.7491888907067,141.7491888907067,acoustic guitar,harmonica,warm,bright,4
1294741,SDD,41/1294741.mp3,228.9,T,66.88316429319372,76.88316429319372,bass,synth,warm,ambient,4
1294750,SDD,50/1294750.mp3,124.1,T,23.260082784455786,33.26008278445579,electric guitar,drums,gritty,punchy,4
1296198,SDD,98/1296198.mp3,247.7,T,152.2040715376514,162.2040715376514,electric guitar,acoustic guitar,warm,crisp,4
1296596,SDD,96/1296596.mp3,234.0,T,22.640993128272253,32.64099312827226,strings,acoustic guitar,smooth,bright,4
1304475,SDD,75/1304475.mp3,234.1,T,65.44682162303666,75.44682162303666,synth,bass,gritty,wobbly,4
1307838,SDD,38/1307838.mp3,224.1,T,107.02243888223987,117.02243888223987,electric guitar,acoustic guitar,distorted,warm,4
1315725,SDD,25/1315725.mp3,275.0,T,62.57162052047714,72.57162052047714,electric guitar,synth,clean,ambient,4
1318704,SDD,04/1318704.mp3,224.0,T,83.11042078091766,93.11042078091766,saxophone,acoustic guitar,husky,bright,4
132868,SDD,68/132868.mp3,148.4,T,4.099219081647783,14.099219081647783,piano,synth,mellow,ambient,4
1347915,SDD,15/1347915.mp3,62.4,T,40.83203587226971,50.83203587226971,flute,organ,bright,plummy,4
1356313,SDD,13/1356313.mp3,213.1,T,7.192772199152282,17.19277219915228,guitar,bass,overdriven,dark,4
1356349,SDD,49/1356349.mp3,235.3,T,30.72586787894204,40.72586787894204,electric guitar,acoustic guitar,muted,crisp,4
135658,SDD,58/135658.mp3,282.0,T,21.08136657395287,31.08136657395287,piano,bass,soft,plummy,4
135660,SDD,60/135660.mp3,208.0,T,67.32100785340315,77.32100785340315,electric guitar,bass,distorted,bouncy,4
1357118,SDD,18/1357118.mp3,168.9,T,34.79185808900523,44.79185808900523,electric guitar,acoustic guitar,mellow,crisp,4
1357132,SDD,32/1357132.mp3,186.3,T,53.424911636110316,63.424911636110316,electric guitar,acoustic guitar,overdriven,crisp,4
1386744,SDD,44/1386744.mp3,280.6,T,91.19929033507853,101.19929033507853,piano,bass,mellow,muted,4
1402647,SDD,47/1402647.mp3,144.7,T,57.47104392670157,67.47104392670157,piano,strings,bright,smooth,4
1408401,SDD,01/1408401.mp3,198.9,T,44.71411,54.71411,bass,saxophone,dark,bright,4
145945,SDD,45/145945.mp3,193.8,T,34.146640829515704,44.146640829515704,choir,piano,smooth,mellow,4
145968,SDD,68/145968.mp3,197.6,T,31.87792519409562,41.877925194095624,synth,bass,gritty,warm,4
171573,SDD,73/171573.mp3,246.2,T,190.2767570602094,200.2767570602094,bass,percussion,bouncy,punchy,4
172018,SDD,18/172018.mp3,276.2,T,8.375189664921468,18.375189664921468,bass,electric guitar,punchy,bright,4
181440,SDD,40/181440.mp3,230.5,T,130.15100163350783,140.15100163350783,bass,electric guitar,flat,overdriven,4
201905,SDD,05/201905.mp3,223.4,T,174.28863626216352,184.28863626216352,acoustic guitar,piano,warm,bright,4
206578,SDD,78/206578.mp3,236.0,T,45.8677967559821,55.8677967559821,electric guitar,bass,overdriven,plummy,4
206596,SDD,96/206596.mp3,151.0,T,75.84661358681691,85.84661358681691,flute,electric guitar,breathy,mellow,4
242349,SDD,49/242349.mp3,226.3,T,54.917398952020605,64.9173989520206,strings,acoustic guitar,airy,warm,4
242384,SDD,84/242384.mp3,272.2,T,45.93898158638743,55.93898158638743,piano,bass,bright,mellow,4
242410,SDD,10/242410.mp3,296.2,T,82.21989528795812,92.21989528795812,acoustic guitar,piano,crisp,round,4
242640,SDD,40/242640.mp3,128.5,T,10.465933350785342,20.465933350785342,flute,bass,airy,overdriven,4
243172,SDD,72/243172.mp3,218.4,T,46.7413612565445,56.7413612565445,cello,piano,thick,mellow,4
243734,SDD,34/243734.mp3,205.5,T,17.91470416803011,27.91470416803011,acoustic guitar,bass,bright,dark,4
25555,SDD,55/25555.mp3,363.0,T,107.58947654319371,117.58947654319371,bass,electric guitar,bouncy,snappy,4
259288,SDD,88/259288.mp3,214.3,T,44.0726387434555,54.0726387434555,bass,electric guitar,smooth,overdriven,4
260839,SDD,39/260839.mp3,186.5,T,122.91361256544502,132.91361256544502,harmonica,guitar,breathy,thick,4
261271,SDD,71/261271.mp3,198.8,T,71.58414962559822,81.58414962559822,bass,piano,warm,glassy,4
285485,SDD,85/285485.mp3,375.7,T,250.1795287958115,260.1795287958115,violin,cello,bright,mellow,4
296236,SDD,36/296236.mp3,223.9,T,3.8733945976767004,13.8733945976767,bass,piano,wobbly,ambient,4
296237,SDD,37/296237.mp3,250.6,T,16.64354309947644,26.64354309947644,synth,bass,smooth,dark,4
296238,SDD,38/296238.mp3,289.1,T,38.697232616492144,48.697232616492144,bass,piano,dark,bright,4
307395,SDD,95/307395.mp3,267.4,T,141.469187013089,151.469187013089,violin,acoustic bass,smooth,warm,4
309861,SDD,61/309861.mp3,133.1,T,80.33329747565237,90.33329747565237,acoustic guitar,strings,warm,bright,4
313059,SDD,59/313059.mp3,320.0,T,160.6544502617801,170.6544502617801,synth,percussion,bright,punchy,4
323090,SDD,90/323090.mp3,214.4,T,88.01670142604712,98.01670142604712,electric guitar,piano,overdriven,bright,4
33836,SDD,36/33836.mp3,337.4,T,111.34016441295812,121.34016441295812,bass,flute,dark,airy,4
348881,SDD,81/348881.mp3,313.3,T,82.53003193324608,92.53003193324608,harp,synth,mellow,wide,4
35349,SDD,49/35349.mp3,184.3,T,15.876230366492159,25.87623036649216,electric guitar,piano,overdriven,bright,4
35350,SDD,50/35350.mp3,200.1,T,35.09434861610355,45.09434861610355,electric guitar,bass,overdriven,mellow,4
357192,SDD,92/357192.mp3,197.9,T,22.965337069228628,32.965337069228625,trumpet,percussion,bright,bouncy,4
357273,SDD,73/357273.mp3,224.8,T,39.78452306937169,49.78452306937169,harmonica,bass,bright,warm,4
357314,SDD,14/357314.mp3,199.3,T,104.68958969437172,114.68958969437172,harmonica,percussion,bright,mellow,4
357330,SDD,30/357330.mp3,195.2,T,168.56303694568064,178.56303694568064,harmonica,acoustic guitar,bright,mellow,4
357365,SDD,65/357365.mp3,218.8,T,16.329362969240837,26.329362969240837,trumpet,bass,bright,dark,4
357387,SDD,87/357387.mp3,197.3,T,35.441673756544496,45.441673756544496,acoustic guitar,trumpet,mellow,bright,4
360978,SDD,78/360978.mp3,192.9,T,165.98083639397905,175.98083639397905,acoustic guitar,acoustic bass,bright,warm,4
366014,SDD,14/366014.mp3,205.3,T,32.73100108815648,42.73100108815648,guitar,piano,distorted,bright,4
371237,SDD,37/371237.mp3,264.4,T,27.004581570680628,37.00458157068063,electric guitar,strings,distorted,bright,4
376419,SDD,19/376419.mp3,234.7,T,85.95790810127619,95.95790810127619,acoustic guitar,synth,soft,ambient,4
387501,SDD,01/387501.mp3,218.0,T,45.652078170811514,55.652078170811514,electric guitar,acoustic guitar,overdriven,bright,4
387516,SDD,16/387516.mp3,190.7,T,57.28356020942409,67.28356020942408,electric guitar,synth,overdriven,ambient,4
39102,SDD,02/39102.mp3,174.8,T,48.64008985340314,58.64008985340314,electric guitar,bass,distorted,thick,4
402056,SDD,56/402056.mp3,109.2,T,49.70979817612895,59.70979817612895,flute,harp,airy,dark,4
40279,SDD,79/40279.mp3,322.9,T,46.34594246138744,56.34594246138744,bass,synth,bouncy,distorted,4
415590,SDD,90/415590.mp3,120.2,T,76.84735985798429,86.84735985798429,bass,synth,dark,ambient,4
415596,SDD,96/415596.mp3,330.4,T,35.00222249672775,45.00222249672775,electric guitar,drums,modulated,punchy,4
415600,SDD,00/415600.mp3,291.9,T,26.14050642735602,36.140506427356016,electric guitar,bass,bright,warm,4
415605,SDD,05/415605.mp3,167.1,T,51.819769664001136,61.819769664001136,drums,saxophone,dark,soft,4
416358,SDD,58/416358.mp3,338.8,T,31.1341194895288,41.1341194895288,drums,synth,punchy,gritty,4
428529,SDD,29/428529.mp3,141.6,T,30.26199635707932,40.26199635707932,bass,piano,muted,warm,4
437792,SDD,92/437792.mp3,264.9,T,17.36196798167539,27.36196798167539,electric guitar,drums,distorted,punchy,4
437795,SDD,95/437795.mp3,278.2,T,25.402102560209425,35.40210256020943,acoustic guitar,strings,crisp,mellow,4
43886,SDD,86/43886.mp3,129.5,T,33.36664911583769,43.36664911583769,electric guitar,bass,overdriven,muted,4
450989,SDD,89/450989.mp3,163.8,T,40.28121513158544,50.28121513158544,guitar,bass,distorted,bouncy,4
457078,SDD,78/457078.mp3,190.2,T,44.58493764984865,54.58493764984865,electric guitar,acoustic bass,bright,warm,4
457119,SDD,19/457119.mp3,204.0,T,60.81937172774869,70.81937172774869,bass,piano,warm,bright,4
458252,SDD,52/458252.mp3,232.5,T,128.432656703534,138.432656703534,strings,bass,smooth,warm,4
461012,SDD,12/461012.mp3,281.5,T,96.86105572578533,106.86105572578533,electric guitar,bass,distorted,punchy,4
461018,SDD,18/461018.mp3,220.0,T,173.89004390117802,183.89004390117802,electric guitar,synth,distorted,bright,4
48721,SDD,21/48721.mp3,171.0,T,72.17020980519872,82.17020980519872,electric guitar,bass,warm,dark,4
4883,SDD,83/4883.mp3,249.5,T,34.35202094895288,44.35202094895288,flute,bass,airy,muted,4
492277,SDD,77/492277.mp3,205.1,T,93.91620418848167,103.91620418848167,bass,synth,bouncy,gritty,4
500970,SDD,70/500970.mp3,249.6,T,35.99911024803665,45.99911024803665,drums,synth,punchy,gritty,4
5084,SDD,84/5084.mp3,205.7,T,15.590082941099475,25.590082941099475,bass,organ,dark,mellow,4
5339,SDD,39/5339.mp3,220.9,T,141.67217706072074,151.67217706072074,electric guitar,drums,distorted,dark,4
5340,SDD,40/5340.mp3,231.7,T,61.087465511345584,71.08746551134558,strings,piano,thick,mellow,4
537118,SDD,18/537118.mp3,282.4,T,19.95026178010471,29.95026178010471,electric guitar,saxophone,clean,bright,4
579644,SDD,44/579644.mp3,175.3,T,105.0105414803665,115.0105414803665,acoustic guitar,bass,crisp,muted,4
599226,SDD,26/599226.mp3,166.2,T,47.19271320865715,57.19271320865715,acoustic guitar,violin,mellow,bright,4
